{"final_valid_mut_roc_auc_score": 0.8071874565258308, "final_valid_mut_pr_auc_score": 0.8983981816072037, "final_valid_carc_pearson_r2": 0.0339873977022979, "final_valid_carc_rmse": 0.8075287342071533, "final_valid_mut_loss": 0.47873273491859436, "final_valid_carc_loss": 0.6119917035102844, "final_valid_loss": 0.5453622142473856, "test_mut_roc_auc_score": 0.8103453436599692, "test_mut_pr_auc_score": 0.8531171837419743, "test_carc_pearson_r2": 0.13082838081351303, "test_carc_rmse": 0.9798284769058228, "test_mut_loss": 0.5533906022707621, "test_carc_loss": 0.8184131185213724, "test_loss": 0.6859018603960673, "held_out_test_mut_roc_auc_score": 0.7331020115920054, "held_out_test_mut_pr_auc_score": 0.6016726608048135, "held_out_test_carc_roc_auc_score": 0.6885218990084707, "held_out_test_carc_pr_auc_score": 0.6806823391121347, "held_out_test_mut_loss": 0.6128076513608297, "held_out_test_carc_loss": 0.6267585158348083, "held_out_test_loss": 0.619783083597819}