{"final_valid_mut_roc_auc_score": 0.7739112739112739, "final_valid_mut_pr_auc_score": 0.7910154456703188, "final_valid_carc_pearson_r2": 0.31850755237710865, "final_valid_carc_rmse": 0.8967260718345642, "final_valid_mut_loss": 0.5820216536521912, "final_valid_carc_loss": 0.8527338703473409, "final_valid_loss": 0.717377761999766, "test_mut_roc_auc_score": 0.7860403290529695, "test_mut_pr_auc_score": 0.7310290924961036, "test_carc_pearson_r2": 0.06867840142099152, "test_carc_rmse": 0.7721713781356812, "test_mut_loss": 0.6124321023623148, "test_carc_loss": 0.5034901599089304, "test_loss": 0.5579611460367838, "held_out_test_mut_roc_auc_score": 0.7291462154272811, "held_out_test_mut_pr_auc_score": 0.5775565208231901, "held_out_test_carc_roc_auc_score": 0.7493926062118327, "held_out_test_carc_pr_auc_score": 0.7433082885362898, "held_out_test_mut_loss": 0.6186091105143229, "held_out_test_carc_loss": 0.6289840539296468, "held_out_test_loss": 0.6237965822219849}