{"final_valid_mut_roc_auc_score": 0.808222521852334, "final_valid_mut_pr_auc_score": 0.7897536652678714, "final_valid_carc_pearson_r2": 0.4192909284653626, "final_valid_carc_rmse": 0.8542824983596802, "final_valid_mut_loss": 0.5246660312016805, "final_valid_carc_loss": 0.8211325605710348, "final_valid_loss": 0.6728992859522501, "test_mut_roc_auc_score": 0.7703485549694165, "test_mut_pr_auc_score": 0.8066953162950725, "test_carc_pearson_r2": 0.20186179520415345, "test_carc_rmse": 0.9756954312324524, "test_mut_loss": 0.610731283823649, "test_carc_loss": 0.9635952711105347, "test_loss": 0.7871632774670919, "held_out_test_mut_roc_auc_score": 0.7182734456248115, "held_out_test_mut_pr_auc_score": 0.5797741238869499, "held_out_test_carc_roc_auc_score": 0.7535951145840173, "held_out_test_carc_pr_auc_score": 0.7100992746219204, "held_out_test_mut_loss": 0.5840786695480347, "held_out_test_carc_loss": 0.6076839168866476, "held_out_test_loss": 0.5958813031514486}